{
  "n_test_rows": 3000,
  "metrics": {
    "multi_accuracy": 0.9943333333333333,
    "multi_precision_macro": 0.9943532954050344,
    "multi_recall_macro": 0.9943333333333333,
    "multi_f1_macro": 0.994323138736318,
    "classification_report": {
      "0": {
        "precision": 0.9880952380952381,
        "recall": 0.996,
        "f1-score": 0.9920318725099602,
        "support": 750.0
      },
      "1": {
        "precision": 0.9959404600811907,
        "recall": 0.9813333333333333,
        "f1-score": 0.9885829415715245,
        "support": 750.0
      },
      "2": {
        "precision": 0.9933774834437086,
        "recall": 1.0,
        "f1-score": 0.9966777408637874,
        "support": 750.0
      },
      "3": {
        "precision": 1.0,
        "recall": 1.0,
        "f1-score": 1.0,
        "support": 750.0
      },
      "accuracy": 0.9943333333333333,
      "macro avg": {
        "precision": 0.9943532954050344,
        "recall": 0.9943333333333333,
        "f1-score": 0.994323138736318,
        "support": 3000.0
      },
      "weighted avg": {
        "precision": 0.9943532954050344,
        "recall": 0.9943333333333333,
        "f1-score": 0.9943231387363181,
        "support": 3000.0
      }
    },
    "confusion_matrix": [
      [
        747,
        3,
        0,
        0
      ],
      [
        9,
        736,
        5,
        0
      ],
      [
        0,
        0,
        750,
        0
      ],
      [
        0,
        0,
        0,
        750
      ]
    ],
    "binary_accuracy": 0.996,
    "binary_precision": 0.9986631016042781,
    "binary_recall": 0.996,
    "binary_f1": 0.9973297730307076,
    "binary_confusion_matrix": [
      [
        747,
        3
      ],
      [
        9,
        2241
      ]
    ],
    "binary_support": {
      "n_total": 3000,
      "n_with_pred": 3000
    }
  }
}